{
    "pending": {},
    "lastforged": 8835400000000,
    "lastpayout": 1524414552,
    "accounts": {
        "KViFSsTzbszDcaJ1CVr5F7XwqMnBMFmw4q": {
            "pending": 0.0,
            "received": 48175.309401008795
        },
        "KAEoaDxCWAUSaCFeZuixXG8dFxe2RT7Lyk": {
            "pending": 0.14191828653852448,
            "received": 24.967316371412625
        },
        "KLgncoamZ8wyLK6SVy51mLb9wGmyWfVLP1": {
            "pending": 0.0,
            "received": 498.570406617759
        },
        "KK51uNCdhKH2vqXkaZ1vDrhdfqXsrZFhA6": {
            "pending": 0.0,
            "received": 0.4341154893364706
        },
        "KCtM8VoHhq5gBNrJudGQnA5BTGDPa1AXnp": {
            "pending": 0.0,
            "received": 40.39787003016666
        },
        "KVDSoTA1P99qwqP19PNp1xSQMgv4mgJRNN": {
            "pending": 0.0,
            "received": 16.204962340617342
        },
        "KQCSpnQeBBuMTE6LHwFuwJdx33ze1muNyF": {
            "pending": 0.14410080930029634,
            "received": 0.0
        },
        "KVsBHb8zituU1H8HD4U1E8nvjMBd7pCLtN": {
            "pending": 0.0,
            "received": 63.337929014524654
        },
        "KBTqDz2Uz3CbgkBtQ1eXCgtq8ANdWTmCiJ": {
            "pending": 0.0,
            "received": 2063.5078038925276
        },
        "KNnwe4nsCvxEQ45TcSRAAQyNcjg7qoJAJj": {
            "pending": 0.0,
            "received": 18.906459307821375
        },
        "KPr9FEfdAEqvxZCZ7JYs6BSu4yiTedkCBH": {
            "pending": 0.0,
            "received": 696.5930994579231
        },
        "KGg1nGgqqbLyoPkvkvE2NySYRRo35sZ1Bf": {
            "pending": 0.1925272242008651,
            "received": 969.5074680035555
        },
        "KS8Uaht7qC5tby5hEysFt3wycYVzYcsv4S": {
            "pending": 0.0,
            "received": 3312.461402811647
        },
        "K8McNcgSqtb7V6ccZfcEmyBFLzXvyQs12Q": {
            "pending": 0.15548337944063553,
            "received": 0.9264877787749801
        },
        "KCWHHuZkUqE6jy1Kobi36YCviixhr4QJbr": {
            "pending": 0.0,
            "received": 18.599061352604377
        },
        "KVSGdmZEzWUzZ98DLNGVd3W7WxRS1Ncc9t": {
            "pending": 0.1720961517045494,
            "received": 0.20502810660193854
        },
        "KLGFsHGXd9PwjMmCyrJX2KYCqQ4Z7kRCFN": {
            "pending": 0.0,
            "received": 8.621248617523584
        },
        "KRqCcuYke3bPnT9W8MR1f8WF88RCNnvaS9": {
            "pending": 0.0,
            "received": 876.9429395068987
        },
        "KNfWPzrH3VUmXsrFjx4JZCq6f2BiPUmaHe": {
            "pending": 0.0,
            "received": 1619.7239228194082
        },
        "KMEXoRv9KEr1YVFSjdFS6LPBdg7ubjaW5B": {
            "pending": 0.0,
            "received": 29.586110557040623
        },
        "KHZRpqqdH5KLg2h5BJD3puX2fB6CJgoQhx": {
            "pending": 0.0,
            "received": 132.83830927139468
        },
        "KShNsSi3kyE3tfFqVyAmndBg8VJeXc7jWw": {
            "pending": 0.0,
            "received": 18.525114793371284
        },
        "K8voBVnSTFw6qrgyj9h65SJoESNJJFEuKU": {
            "pending": 0.0,
            "received": 132.4719277031211
        },
        "KPtmKCig63h9cKeZSxrKLNWQeCL947GGXa": {
            "pending": 0.0,
            "received": 141.65690978503386
        },
        "KBRWc7dUh6FiiaDtSfjURLttzAnYGL6QFa": {
            "pending": 0.0,
            "received": 45.13357951095909
        }
    }
}