{
    "pending": {},
    "lastforged": 14268000000000,
    "lastpayout": 1535897745,
    "accounts": {
        "KViFSsTzbszDcaJ1CVr5F7XwqMnBMFmw4q": {
            "pending": 0.0,
            "received": 62746.10428941412
        },
        "KAEoaDxCWAUSaCFeZuixXG8dFxe2RT7Lyk": {
            "pending": 0.14191828653852448,
            "received": 24.967316371412625
        },
        "KLgncoamZ8wyLK6SVy51mLb9wGmyWfVLP1": {
            "pending": 0.0,
            "received": 1020.9460288898555
        },
        "KK51uNCdhKH2vqXkaZ1vDrhdfqXsrZFhA6": {
            "pending": 0.0,
            "received": 0.4341154893364706
        },
        "KCtM8VoHhq5gBNrJudGQnA5BTGDPa1AXnp": {
            "pending": 0.0,
            "received": 40.39787003016666
        },
        "KVDSoTA1P99qwqP19PNp1xSQMgv4mgJRNN": {
            "pending": 0.0,
            "received": 16.204962340617342
        },
        "KQCSpnQeBBuMTE6LHwFuwJdx33ze1muNyF": {
            "pending": 0.14410080930029634,
            "received": 0.0
        },
        "KVsBHb8zituU1H8HD4U1E8nvjMBd7pCLtN": {
            "pending": 0.0,
            "received": 63.337929014524654
        },
        "KBTqDz2Uz3CbgkBtQ1eXCgtq8ANdWTmCiJ": {
            "pending": 0.0,
            "received": 7864.654182645642
        },
        "KNnwe4nsCvxEQ45TcSRAAQyNcjg7qoJAJj": {
            "pending": 0.0,
            "received": 44.41927066681145
        },
        "KPr9FEfdAEqvxZCZ7JYs6BSu4yiTedkCBH": {
            "pending": 0.0,
            "received": 1636.5951329406537
        },
        "KGg1nGgqqbLyoPkvkvE2NySYRRo35sZ1Bf": {
            "pending": 0.1925272242008651,
            "received": 1121.9804823094016
        },
        "KS8Uaht7qC5tby5hEysFt3wycYVzYcsv4S": {
            "pending": 0.0,
            "received": 8001.9547382095225
        },
        "K8McNcgSqtb7V6ccZfcEmyBFLzXvyQs12Q": {
            "pending": 0.14581753409738862,
            "received": 1.365420620963099
        },
        "KCWHHuZkUqE6jy1Kobi36YCviixhr4QJbr": {
            "pending": 0.0,
            "received": 18.599061352604377
        },
        "KVSGdmZEzWUzZ98DLNGVd3W7WxRS1Ncc9t": {
            "pending": 0.09309799590782926,
            "received": 0.434114882858467
        },
        "KLGFsHGXd9PwjMmCyrJX2KYCqQ4Z7kRCFN": {
            "pending": 0.0,
            "received": 8.621248617523584
        },
        "KRqCcuYke3bPnT9W8MR1f8WF88RCNnvaS9": {
            "pending": 0.0,
            "received": 3187.7279543557484
        },
        "KNfWPzrH3VUmXsrFjx4JZCq6f2BiPUmaHe": {
            "pending": 0.0,
            "received": 6235.2459081008765
        },
        "KMEXoRv9KEr1YVFSjdFS6LPBdg7ubjaW5B": {
            "pending": 0.0,
            "received": 121.72502096286244
        },
        "KHZRpqqdH5KLg2h5BJD3puX2fB6CJgoQhx": {
            "pending": 0.0,
            "received": 593.0302886797516
        },
        "KShNsSi3kyE3tfFqVyAmndBg8VJeXc7jWw": {
            "pending": 0.0,
            "received": 90.94894101201211
        },
        "K8voBVnSTFw6qrgyj9h65SJoESNJJFEuKU": {
            "pending": 0.0,
            "received": 849.9477355014532
        },
        "KPtmKCig63h9cKeZSxrKLNWQeCL947GGXa": {
            "pending": 0.0,
            "received": 2911.8330802481505
        },
        "KBRWc7dUh6FiiaDtSfjURLttzAnYGL6QFa": {
            "pending": 0.0,
            "received": 332.2424454930999
        }
    }
}