{
    "pending": {},
    "lastforged": 1408400000000,
    "lastpayout": 1555254482,
    "accounts": {
        "KMLFFymTTZtryGZHsCMD5GYuBjSzEZW8wB": {
            "pending": 0.0,
            "received": 11394.925168378153
        },
        "KBTqDz2Uz3CbgkBtQ1eXCgtq8ANdWTmCiJ": {
            "pending": 0.0,
            "received": 1685.599514290262
        },
        "K8r6RtjoBKqfLF4oWQBdDf33DsD83Y3syw": {
            "pending": 0.0,
            "received": 152.8753173315851
        }
    }
}