{
    "pending": {},
    "lastforged": 26122800000000,
    "lastpayout": 1611420921,
    "accounts": {
        "KMLFFymTTZtryGZHsCMD5GYuBjSzEZW8wB": {
            "pending": 0,
            "received": 98817.9618213427
        },
        "KBTqDz2Uz3CbgkBtQ1eXCgtq8ANdWTmCiJ": {
            "pending": 0,
            "received": 42480.35467853576
        },
        "K8r6RtjoBKqfLF4oWQBdDf33DsD83Y3syw": {
            "pending": 0,
            "received": 7901.304351555424
        },
        "KFjkayaDf4KnSgXHFQbTaHZwsEoo1CMNPi": {
            "pending": 0,
            "received": 12997.422432365564
        },
        "K7NaofCDp4pSDR5hXRjuGVeyaVeqb9qs2B": {
            "pending": 0,
            "received": 142.85764060424378
        },
        "KKG8zY6Ya8QJkZXykVoRpEG5bui3noAEZe": {
            "pending": 0,
            "received": 65926.15004186209
        },
        "KLBKDKjqzbP43Ekfz7PykBQMXkhwgDZLjA": {
            "pending": 0,
            "received": 7396.949033734232
        }
    }
}